{
    "c": [
        1739.0868827706179,
        1227.4290486298598
    ],
    "cy": [
        1739.0868827706179,
        1227.4290486298598
    ],
    "c7": [
        1739.0868827706179,
        1227.4290486298598
    ],
    "wf": [
        0.9623751172502856,
        0.018225989465959443
    ],
    "mf": [
        0.48347902908928975,
        0.32479860891705203
    ],
    "sf": [
        0.5153742104708837,
        0.30284854299567765
    ],
    "IHT": [
        0.042703813656085866,
        0.20218852082972144
    ],
    "wfy": [
        0.962397224137246,
        0.01824168969145221
    ],
    "dhdd1": [
        0.0017332724366293695,
        1.6776579457075478
    ],
    "hdd1t": [
        4.5207627312171725,
        5.330581529352747
    ],
    "Troloff": [
        12.279648278145695,
        6.513362154070859
    ],
    "Troloff2": [
        193.21364838504917,
        142.57177412928135
    ],
    "mx2": [
        36.118845350536645,
        32.4755226905308
    ],
    "mn4": [
        86.29676806758687,
        120.40930581026052
    ],
    "dcy": [
        0.007191534123111064,
        0.09905980120373395
    ]
}