{
    "c": [
        1736.0594020278156,
        1224.779911235233
    ],
    "cy": [
        1736.0594020278156,
        1224.779911235233
    ],
    "c7": [
        1736.0594020278156,
        1224.779911235233
    ],
    "wf": [
        0.9623743347315958,
        0.01822309737459714
    ],
    "mf": [
        0.4828885844494741,
        0.32451410290180743
    ],
    "sf": [
        0.5148202258006401,
        0.30257776108713336
    ],
    "IHT": [
        0.04252400548696845,
        0.20178135306393757
    ],
    "wfy": [
        0.9623999362615455,
        0.018238032229445998
    ],
    "dhdd1": [
        -0.0006904435299497023,
        1.6762797058460825
    ],
    "hdd1t": [
        4.509988568815729,
        5.322848805857664
    ],
    "Troloff": [
        12.290114268404206,
        6.508792510726926
    ],
    "Troloff2": [
        193.41128867812762,
        142.53213822707178
    ],
    "mx2": [
        36.15607024691358,
        32.475263271199594
    ],
    "mn4": [
        86.39521090669183,
        120.44287814474944
    ],
    "dcy": [
        0.007199754898286089,
        0.09911610499813878
    ]
}