{
    "c": [
        1739.8965144862852,
        1228.4577936598598
    ],
    "cy": [
        1739.8965144862852,
        1228.4577936598598
    ],
    "c7": [
        1739.8965144862852,
        1228.4577936598598
    ],
    "wf": [
        0.962377004679224,
        0.018224336750614772
    ],
    "mf": [
        0.4835969562515981,
        0.32485527374624923
    ],
    "sf": [
        0.5154848556283105,
        0.3029024747998864
    ],
    "IHT": [
        0.04269406392694064,
        0.20216646812056904
    ],
    "wfy": [
        0.9623980124098175,
        0.018239681778051093
    ],
    "dhdd1": [
        0.001764840182648404,
        1.6774677220139118
    ],
    "hdd1t": [
        4.5237260273972595,
        5.333580239530769
    ],
    "Troloff": [
        12.27644059589041,
        6.516076829618013
    ],
    "Troloff2": [
        193.17025095391105,
        142.58442099217888
    ],
    "mx2": [
        36.11064442922374,
        32.47634976863092
    ],
    "mn4": [
        86.27707022091192,
        120.40261568222991
    ],
    "dcy": [
        0.007189892220343231,
        0.099048551954262
    ]
}