{
    "c": [
        307.9934430702073,
        90.06921367518139
    ],
    "cy": [
        307.9934430702073,
        90.06921367518139
    ],
    "c7": [
        307.9934430702073,
        90.06921367518139
    ],
    "Temp": [
        311.182358381164,
        245.37583307518
    ],
    "Msin": [
        -0.043098221583461244,
        0.7091771032431724
    ],
    "Mcos": [
        -0.050110712646628634,
        0.701925420546967
    ],
    "Wsin": [
        -0.0005589134809879802,
        0.7067382012028448
    ],
    "Wcos": [
        -0.001597588098892137,
        0.7074731445705373
    ],
    "Hsin": [
        -0.00019994404367423572,
        0.7070853173194945
    ],
    "Hcos": [
        0.00026057215086465853,
        0.7071281681249137
    ]
}