{
    "c": [
        1730.5590301611478,
        1219.9299472449918
    ],
    "cy": [
        1730.5590301611478,
        1219.9299472449918
    ],
    "c7": [
        1730.5590301611478,
        1219.9299472449918
    ],
    "wf": [
        0.9623751221152348,
        0.018225965026661215
    ],
    "mf": [
        0.4818893990210768,
        0.32409810898826563
    ],
    "sf": [
        0.5138198551321879,
        0.3020856018446067
    ],
    "IHT": [
        0.04192439862542955,
        0.2004164250387791
    ],
    "wfy": [
        0.9623972999063003,
        0.01824171555832035
    ],
    "dhdd1": [
        0.0006643757159221134,
        1.6741412510877247
    ],
    "hdd1t": [
        4.49752806414662,
        5.320004629867702
    ],
    "Troloff": [
        12.305972465063002,
        6.505053641238914
    ],
    "Troloff2": [
        193.75268118628415,
        142.47587387884693
    ],
    "mx2": [
        36.219914281786934,
        32.477784785675
    ],
    "mn4": [
        86.57244325888112,
        120.50364942947374
    ],
    "dcy": [
        0.007214599753746472,
        0.09921769421375223
    ]
}