{
    "c": [
        1729.8981901741543,
        1219.2882609728551
    ],
    "cy": [
        1729.8981901741543,
        1219.2882609728551
    ],
    "c7": [
        1729.8981901741543,
        1219.2882609728551
    ],
    "wf": [
        0.9623743258879469,
        0.018227977216603474
    ],
    "mf": [
        0.4817840830421632,
        0.32406054929979694
    ],
    "sf": [
        0.5137084481329056,
        0.30203053750197567
    ],
    "IHT": [
        0.0419340054995417,
        0.20043838126043126
    ],
    "wfy": [
        0.9623886833389094,
        0.01823492136682971
    ],
    "dhdd1": [
        0.0004651695692025724,
        1.6742722919347206
    ],
    "hdd1t": [
        4.495527039413383,
        5.318989571897245
    ],
    "Troloff": [
        12.308081991292392,
        6.504304634728823
    ],
    "Troloff2": [
        193.79486108573104,
        142.46494076098801
    ],
    "mx2": [
        36.22770780018332,
        32.477424243741986
    ],
    "mn4": [
        86.59228006790597,
        120.510328952668
    ],
    "dcy": [
        0.007216252961756038,
        0.09922900119613182
    ]
}