{
    "c": [
        1763.3681948771346,
        1239.1273216378988
    ],
    "wf": [
        0.9623835206605243,
        0.018238126263266836
    ],
    "mf": [
        0.4744973277394239,
        0.3235256543083968
    ],
    "sf": [
        0.5060480828549182,
        0.3012996263328539
    ],
    "IHT": [
        0.042045159615883725,
        0.20069221252644376
    ],
    "wfy": [
        0.9623842282239814,
        0.018239061031269783
    ],
    "dhdd1": [
        0.0031352193096288615,
        1.6747647879252803
    ],
    "hdd1t": [
        4.2674720996626005,
        5.137375405007108
    ],
    "Troloff": [
        12.574232078380483,
        6.336981852946299
    ],
    "Troloff2": [
        198.2686513655436,
        141.33731669629466
    ],
    "mx2": [
        37.33914491305477,
        32.75330424236942
    ],
    "mn4": [
        90.60212147108889,
        123.22010978424208
    ],
    "dcy": [
        0.007115223614586037,
        0.0985983158336742
    ]
}