{
    "c": [
        1733.2699109417028,
        1222.6599783928295
    ],
    "cy": [
        1733.2699109417028,
        1222.6599783928295
    ],
    "c7": [
        1733.2699109417028,
        1222.6599783928295
    ],
    "wf": [
        0.9623703183270772,
        0.018220726162040797
    ],
    "mf": [
        0.48231018083108257,
        0.3242477910240098
    ],
    "sf": [
        0.5142649731407645,
        0.30230509733756045
    ],
    "IHT": [
        0.04211490043488213,
        0.20085127730797162
    ],
    "wfy": [
        0.9623971627631037,
        0.018234729114424177
    ],
    "dhdd1": [
        0.0011696040283817814,
        1.6756350670265825
    ],
    "hdd1t": [
        4.505065232318608,
        5.323717906887952
    ],
    "Troloff": [
        12.29705420233463,
        6.508994191714078
    ],
    "Troloff2": [
        193.5845474429229,
        142.51947135369423
    ],
    "mx2": [
        36.188661510643165,
        32.4793609283311
    ],
    "mn4": [
        86.49329161216579,
        120.47685061251997
    ],
    "dcy": [
        0.0072079944896093736,
        0.09917250490435092
    ]
}