{
    "c": [
        1734.499725224,
        1223.7510784971348
    ],
    "cy": [
        1734.499725224,
        1223.7510784971348
    ],
    "c7": [
        1734.499725224,
        1223.7510784971348
    ],
    "wf": [
        0.9623743247261497,
        0.018227986234922333
    ],
    "mf": [
        0.4825336692706474,
        0.3243424495373213
    ],
    "sf": [
        0.5144872266419583,
        0.302414389566751
    ],
    "IHT": [
        0.0425531914893617,
        0.20184751022351702
    ],
    "wfy": [
        0.9623886591841685,
        0.01823491927297565
    ],
    "dhdd1": [
        0.00011896591169068934,
        1.6760009584032953
    ],
    "hdd1t": [
        4.507572637840311,
        5.323798232866381
    ],
    "Troloff": [
        12.29348657286662,
        6.509672872663253
    ],
    "Troloff2": [
        193.50565302633956,
        142.53468174886848
    ],
    "mx2": [
        36.174033665065195,
        32.479146602297575
    ],
    "mn4": [
        86.4537434557612,
        120.4634669331305
    ],
    "dcy": [
        0.007204696391009689,
        0.09914993339095243
    ]
}