{
    "c": [
        1737.6590015558254,
        1225.8833814360219
    ],
    "cy": [
        1737.6590015558254,
        1225.8833814360219
    ],
    "c7": [
        1737.6590015558254,
        1225.8833814360219
    ],
    "wf": [
        0.9623657273431575,
        0.01822120214546956
    ],
    "mf": [
        0.48324301310989254,
        0.32468504323873454
    ],
    "sf": [
        0.5151527684834362,
        0.30274045514750125
    ],
    "IHT": [
        0.04272332647932374,
        0.2022326478436726
    ],
    "wfy": [
        0.9623932355243318,
        0.018234459617183268
    ],
    "dhdd1": [
        0.0003152844413982206,
        1.6765039020356085
    ],
    "hdd1t": [
        4.514882339501942,
        5.324716795076758
    ],
    "Troloff": [
        12.285588259081562,
        6.508889316294605
    ],
    "Troloff2": [
        193.30131900345677,
        142.54532318099328
    ],
    "mx2": [
        36.13521405071967,
        32.473909952111846
    ],
    "mn4": [
        86.3361928173859,
        120.42268297095688
    ],
    "dcy": [
        0.007194820179370197,
        0.09908231120554734
    ]
}