{
    "c": [
        1736.0594020278156,
        1224.779911235233
    ],
    "cy": [
        1736.0594020278156,
        1224.779911235233
    ],
    "c7": [
        1736.0594020278156,
        1224.779911235233
    ],
    "wf": [
        0.9623743347315958,
        0.01822309737459714
    ],
    "mf": [
        0.4828885844494741,
        0.32451410290180743
    ],
    "sf": [
        0.5148202258006401,
        0.30257776108713336
    ],
    "IHT": [
        0.04252400548696845,
        0.20178135306393757
    ],
    "wfy": [
        0.9623999362615455,
        0.018238032229445998
    ],
    "dhdd1": [
        -0.000688157293095564,
        1.676275731084388
    ],
    "hdd1t": [
        4.5099336991312295,
        5.32279689416978
    ],
    "Troloff": [
        12.290111982167351,
        6.5087936751722735
    ],
    "Troloff2": [
        193.4112476401761,
        142.5321707219756
    ],
    "mx2": [
        36.15607024691358,
        32.475263271199594
    ],
    "mn4": [
        86.39520349517396,
        120.44288327659943
    ],
    "dcy": [
        0.007199754898286089,
        0.09911610499813878
    ]
}