{
    "c": [
        1729.2250581883109,
        1218.6169411785752
    ],
    "cy": [
        1729.2250581883109,
        1218.6169411785752
    ],
    "c7": [
        1729.2250581883109,
        1218.6169411785752
    ],
    "wf": [
        0.962365702079991,
        0.01822116231966659
    ],
    "mf": [
        0.4816787187863855,
        0.3240229337831489
    ],
    "sf": [
        0.5135969900646344,
        0.3019753967407522
    ],
    "IHT": [
        0.041943616777446714,
        0.20046034467963006
    ],
    "wfy": [
        0.9623932985294523,
        0.01823446231694697
    ],
    "dhdd1": [
        0.0006234242493696958,
        1.6744120245162746
    ],
    "hdd1t": [
        4.493504469401788,
        5.317902459870209
    ],
    "Troloff": [
        12.310013708457483,
        6.503794025834938
    ],
    "Troloff2": [
        193.83577423289717,
        142.45562793816947
    ],
    "mx2": [
        36.23500370158148,
        32.477569881297285
    ],
    "mn4": [
        86.61212660980698,
        120.51700743905997
    ],
    "dcy": [
        0.007217906927343571,
        0.09924031204108527
    ]
}