{
    "c": [
        1727.2334397558714,
        1216.6676558488023
    ],
    "cy": [
        1727.2334397558714,
        1216.6676558488023
    ],
    "c7": [
        1727.2334397558714,
        1216.6676558488023
    ],
    "wf": [
        0.9623743370894496,
        0.0182230636162606
    ],
    "mf": [
        0.48136233602568806,
        0.32390975147936535
    ],
    "sf": [
        0.5132623090944954,
        0.3018095147860754
    ],
    "IHT": [
        0.041972477064220186,
        0.20052627816152183
    ],
    "wfy": [
        0.9624000208261468,
        0.01823804637389577
    ],
    "dhdd1": [
        0.0012637614678899045,
        1.6748044481682347
    ],
    "hdd1t": [
        4.488190366972478,
        5.315825085094451
    ],
    "Troloff": [
        12.31686234174312,
        6.500762627032366
    ],
    "Troloff2": [
        193.96501267847026,
        142.41934920189658
    ],
    "mx2": [
        36.25890049311926,
        32.47595437195396
    ],
    "mn4": [
        86.67171928770132,
        120.53704055095665
    ],
    "dcy": [
        0.0072228733770642204,
        0.0992742678079804
    ]
}