{
    "c": [
        1734.499725224,
        1223.7510784971348
    ],
    "cy": [
        1734.499725224,
        1223.7510784971348
    ],
    "c7": [
        1734.499725224,
        1223.7510784971348
    ],
    "wf": [
        0.9623743247261497,
        0.018227986234922333
    ],
    "mf": [
        0.4825336692706474,
        0.3243424495373213
    ],
    "sf": [
        0.5144872266419583,
        0.302414389566751
    ],
    "IHT": [
        0.0425531914893617,
        0.20184751022351702
    ],
    "wfy": [
        0.9623886591841685,
        0.01823491927297565
    ],
    "dhdd1": [
        0.00013269274765499928,
        1.675985887278885
    ],
    "hdd1t": [
        4.5075383207504,
        5.323765542342656
    ],
    "Troloff": [
        12.293472846030657,
        6.509687387723113
    ],
    "Troloff2": [
        193.50550450197443,
        142.53485288699912
    ],
    "mx2": [
        36.174033665065195,
        32.479146602297575
    ],
    "mn4": [
        86.45374041220451,
        120.46346911503484
    ],
    "dcy": [
        0.007204696391009689,
        0.09914993339095243
    ]
}