{
    "c": [
        1738.3298815497196,
        1226.5466992328807
    ],
    "cy": [
        1738.3298815497196,
        1226.5466992328807
    ],
    "c7": [
        1738.3298815497196,
        1226.5466992328807
    ],
    "wf": [
        0.9623743235680677,
        0.018227995224397206
    ],
    "mf": [
        0.48336104805436264,
        0.32474186545379635
    ],
    "sf": [
        0.5152635147674738,
        0.3027945364823362
    ],
    "IHT": [
        0.04271356783919598,
        0.20221058073613357
    ],
    "wfy": [
        0.9623886351066698,
        0.018234917185785765
    ],
    "dhdd1": [
        0.0013156692553677506,
        1.677618462370579
    ],
    "hdd1t": [
        4.517846048423937,
        5.327695408992563
    ],
    "Troloff": [
        12.282827731841023,
        6.510707962088194
    ],
    "Troloff2": [
        193.25717525768167,
        142.55896075537214
    ],
    "mx2": [
        36.12706779122887,
        32.47467345676049
    ],
    "mn4": [
        86.31647454472906,
        120.41599566197881
    ],
    "dcy": [
        0.007193176775948687,
        0.09907105428677251
    ]
}