{
    "c": [
        1733.960113559846,
        1223.3710163650992
    ],
    "cy": [
        1733.960113559846,
        1223.3710163650992
    ],
    "c7": [
        1733.960113559846,
        1223.3710163650992
    ],
    "wf": [
        0.9623657147318079,
        0.01822118226448006
    ],
    "mf": [
        0.4824152559226544,
        0.32428507274303936
    ],
    "sf": [
        0.5143761253208238,
        0.3023597813164281
    ],
    "IHT": [
        0.04233409610983982,
        0.20135024314959304
    ],
    "wfy": [
        0.9623932669764302,
        0.018234460964930102
    ],
    "dhdd1": [
        0.000546910755148742,
        1.6759539100669933
    ],
    "hdd1t": [
        4.506354691075515,
        5.323798407208911
    ],
    "Troloff": [
        12.295054876430205,
        6.509591929672942
    ],
    "Troloff2": [
        193.54316150529297,
        142.5294180295183
    ],
    "mx2": [
        36.180954725400454,
        32.4796395167531
    ],
    "mn4": [
        86.47350381344187,
        120.47016564617182
    ],
    "dcy": [
        0.007206345062952712,
        0.09916121722104267
    ]
}